header,paragraph,date
‘El mal no existe’: ecologismo a ritmo lento,Ryûsuke Hamaguchi recibió mogollón de nominaciones por ‘Drive My Car’. No supe apreciar sus virtudes. Mi mosqueo con su nueva película empieza pronto,2024-05-01
Nadie se acostumbra a su eterno genocidio,"Viendo el infierno que arde en tantos lugares del universo, aquella amarga y apocalíptica certidumbre de Neruda cuando escribió: “Sucede que me canso de ser hombre”",2024-04-27
‘El especialista’: un producto previsible y prescindible con Ryan Gosling,"La nueva película de David Leitch me pareció una idiotez insoportable, con inútiles pretensiones de gracia disparatada. Es rutinario cine de acción, con personajes que no me provocan ni frío ni calor",2024-04-26
Qué cambalache el de cierto arte moderno. Y qué risa,Disfruto en medio de tanta y bien pagada corrección política con las películas y las series de los impertinentes y vitriólicos creadores argentinos Gastón Duprat y Mariano Cohn,2024-04-20
‘Civil War’: viajando a través del espanto en una ¿improbable? guerra civil,"Todas las contiendas son salvajes, pero las civiles añaden un componente más de infamia y desgarro. Por supuesto, todo parte de la perversa, o visionaria, o lúcida imaginación del guionista y director Alex Garland",2024-04-19
Estética deslumbrante para un Ripley que me carga,"Patricia Highsmith se inventó a un fulano absolutamente inquietante, amoral, buscavidas, capaz de matar sin el menor remordimiento cuando se siente acorralado, maestro del disfraz emocional y de la estafa, alguien tan turbio como temible",2024-04-13
‘El salto’: el horror de la inmigración solo se siente al final,"Agradezco que me manipulen emocionalmente en una sala a condición de que lo hagan con inteligencia y arte, pero Benito Zambrano no lo logra con su tragedia sobre la valla de Melilla",2024-04-12
‘Puan’: arribismo en medio de la ruina,"En el argumento de la película argentina, hay mordacidad, situaciones surrealistas, tensiones, mezquindades, miedo al presente y al futuro, en una mezcla de comedia y de análisis político",2024-03-27
La memoria ya tiene reemplazo: Google,"Si tuviera que recurrir a eso para recordar el nombre de mi madre, o de mujeres y amistades amadas, o de películas, canciones y libros que me alegraron la vida, sabré que ya está todo perdido",2024-03-23
"‘Los niños de Winton’: lo más salvable, el señor Anthony Hopkins","Un próspero corredor de Bolsa inglés se propuso en 1939 buscar refugio en hogares de Inglaterra a centenares de niños judíos residentes en Praga. La historia de la película es real, pero le falta emoción",2024-03-22
¿Para lo que hay que ver? Pues sí,Sin llegar a extremos autodestructivos hay otra peligrosa gente que constituye un riesgo para los viandantes. Son los ejércitos de ultracuerpos en permanente idilio callejero con sus teléfonos,2024-03-16
Nada que objetar al triunfo de ‘Oppenheimer’,"En esta ocasión Hollywood ha apostado por lo seguro a una película que ha vendido multitud de entradas, aunque bastantes menos que ‘Barbie’, esa bobería rosácea",2024-03-12
"Bolaños, encantado de haberse conocido","El desvarío de este hombre es tan escandaloso, anfetamínico y patético que hasta los guionistas de ‘El intermedio’, tan obsesivamente dedicados a la satirización de la fachosfera, necesitan reírse y burlarse de esa delirante autofelicitación",2024-03-09
"Koldo, más cerca de Mortadelo que de Le Carré","Qué equivocación imaginar a la villanía con aire distinguido, apariencia sedosa, modales aristocráticos. Ese personaje llamado Koldo García parece salido del universo de Ibáñez",2024-03-02
‘Dos chicas a la fuga’: descifrado mi enigma sobre los hermanos Coen,"Es una de las películas más tontas e inanes que he sufrido en mucho tiempo, aunque se esfuerza todo el rato por ser graciosa y corrosiva",2024-03-01
De curas y de libros,Escucho entre las carroñeras noticias de la tele algunas aberraciones que practicaban miembros de la casta religiosa. Y todo adquiere aire entre dadaísta y esperpéntico,2024-02-24
‘Secretos de un escándalo’: ni siquiera me fascinan ellas,Todd Haynes reconstruye la historia de la profesora que se lio y fundó una familia con un alumno. Ni Julianne Moore ni Natalie Portman me sacan del tedio,2024-02-23
Ansia de amor,No recuerdo quién escribió que ningún ser humano quiere ser una isla. Pero las bestias saben cómo pueden asaltarlas. Por el corazón,2024-02-17
"‘Priscilla’: es de amor, pero también de miedo","La película obsesiva de Sofia Coppola cuenta cómo una cría de 14 años conoce y se enamora de Elvis Presley, una década mayor que ella y con comportamientos inquietantes",2024-02-14
Todo para la misma. Así no hay problemas,"La gala ha durado 223 minutos. O sea, que el patriótico espectáculo en otras cadenas, con publicidad, hubiera durado siete horas. Todo sea por celebrar los permanentes días de vino y rosas del tantas veces incomprendido cine español",2024-02-11
Zorrería lúdica,"Una canción tirando a idiota ha enfrentado a las militantes vanguardistas con las clásicas del feminismo. Una dama rubia y con voz olvidable proclama arrogantemente su amor al zorrerío, símbolo máximo de la libertad",2024-02-10
‘Ferrari’: Michael Mann no recupera su antiguo arte,"Algo no funciona en esta película sobre Enzo Ferrari, ni en la descripción de la vida íntima de señor tan antipático, ni en el retrato de su siempre tensa carrera profesional ",2024-02-09
Fachosfera,"Pedro Sánchez recurre a referirse a los que están contra su potestad como algo llamado “fachosfera”. O sea, el timo de siempre, los buenos y los malos, los que poseen la razón y sus ciegos opresores",2024-02-03
‘Sala de profesores’: turbiedades en el colegio ,No me provoca ni rechazo ni cuelgue. No entro en una intriga que pretende ser compleja. Me da igual la película alemana de los Oscar,2024-02-02
"‘The Offer’ o cómo se creó una obra de arte, ‘El Padrino’","La serie cuenta los proteicos y admirables esfuerzos de Albert S. Ruddy, un productor ejecutivo tan novato como tenaz en medio de enormes dificultades",2024-01-27
"‘Pobres criaturas’, inútil pasote de Lanthimos, otro director de moda","Imagino que el loable propósito del director es hablar de la emancipación femenina, pero la forma de contar esta historia supone un mareo visual",2024-01-26
Pobre ‘True Detective’: el inicio de su cuarta temporada es una nadería,"Su creador, Nick Pizziolato, ha desertado. Y la responsable de la nueva tontería se llama Issa López. Se nota que el argumento ante todo es fiel a las cuotas",2024-01-20
‘La zona de interés’: sentir el espanto sin verlo,"Me interesa e inquieta cómo Jonathan Glazer muestra la vida cotidiana de los verdugos nazis en esta película, pero hay cosas que me molestan en su muy pensado y a veces pretencioso estilo visual",2024-01-19
"Gracias, Gervais","Ricky Gervais blasfema con brillantez y enorme gracia. Y en algunos momentos alucinas con los pasotes de este tío, pero qué liberación y risas provocan",2024-01-13
‘Perfect Days’: tan solito y tan feliz,"Wim Wenders, que siempre ha disfrutado de poderoso sentido visual, fotografía muy bien Tokio, y, sobre todo, dispone de Koji Yakusho, un actor notable que desprende magnetismo",2024-01-12
Preocupaciones: vendrán más años malos y nos harán más ciegos,"Tras el balance televisivo de las noticias del año, vuelvo a leer un libro de aquel extraordinario escritor e insólito ser humano llamado Rafael Sánchez Ferlosio",2023-12-30
‘Fallen Leaves’: los parias también se enamoran,"El universo de Aki Kaurismäki es inmediatamente reconocible, excéntrico, minimalista, poblado por personajes, situaciones y sentimientos que se repiten",2023-12-27
Josu Ternera con Évole: “Y punto”,Me gustaría saber cómo se pactó esa entrevista. El gran misterio son las razones del ‘killer’ para exponerse en público. Las de Évole están claras. Tenía delante un filón,2023-12-23
‘The Crown’ y la brillantez,No me interesa lo más mínimo la monarquía inglesa. Ninguna monarquía. Pero me apasiona cómo ha retratado la serie a los seres humanos que la integran y a sus circunstancias,2023-12-16
‘La sociedad de la nieve’: retrato creíble y emotivo del horror que se vivió en el accidente aéreo en los Andes,Juan Antonio Bayona ha logrado una película tan sentida como primorosamente realizada. Me siento todo el rato dentro de ella. Su estética es poderosa,2023-12-15
‘Maestro’: prefiero escuchar la música de Bernstein,"El compositor que construye e interpreta Bradley Cooper me cae regular, no me interesa, me dan un poco igual sus logros y sus fracasos",2023-12-12
"‘Anatomía de una caída’: retorcida, ambigua y aceptable intriga",Sigo con interés relativo y algunos momentos fatigosos la historia de esa mujer que es acusada de haberse cargado a su marido,2023-12-06
Se fueron,"Shane MacGowan era un mito con causa, creador de himnos llenos de fuerza. Al también difunto Kissinger le concedieron un aberrante y surrealista Nobel de la Paz. No les veo compartiendo en la eternidad el mismo lugar",2023-12-02
‘Ocho apellidos marroquís’: ¿dónde está la gracia?,Se supone que incluir el término ‘ocho apellidos’ será un señuelo infalible en el deprimido mercado para que triunfe el producto. Resulta imposible encontrar calidad en el producto,2023-12-01
‘La Mesías’: Pasote,"Aunque en el universo de la modernidad abunden los tontos con pretensiones, existen personas muy listas, incluso inteligentes. Los Javis lo son",2023-11-25
"‘Napoleón’, el gran hombre me resulta indiferente","Por mucho que deslumbre el poderío visual de Ridley Scott en las secuencias de batallas, tirarme dos horas y 40 minutos en compañía del intenso Joaquin Phoenix, que encarna al emperador francés, me agota",2023-11-24
Descojone en el Parlamento,El numantino Pedro Sánchez pierde su imposible aura de estadista cuando estalla en una carcajada obscena en una sesión de investidura marcada por el plan dadaísta de Ayuso,2023-11-18
‘El viejo roble’: la tibia despedida de Ken Loach,"Lo que cuenta el director británico es penoso y real. Pero lo transmite de forma lamentablemente didáctica, con el aroma a panfleto bienintencionado de algunas de sus películas",2023-11-17
Conversar,Ya no intervengo casi nada en discusiones políticas con mis amigos progresistas. Un poco  más con los conservadores. A los nazis y a los fascistas de verdad no los conozco,2023-11-11
‘El asesino’: metodología y psicoanálisis de un ‘killer’ profesional según David Fincher,"La nueva película del director de ‘Seven’ y ‘Zodiac’ tiene una factura y un ritmo impecables, pero estoy deseando todo el rato que me apasione. Y eso no ocurre",2023-11-10
La era de las tinieblas,"Veo el cutre y horrendo teatro que han montado los que mandan para legitimar lo indefendible, con intérpretes lamentables recitando un texto cansino y bochornoso. Qué labor tan sórdida para ganarse el sueldo",2023-11-04
"‘Saben aquell’: cine creíble, triste y bonito sobre la vida de Eugenio","David Trueba narra admirablemente la historia de una pareja singular, la del humorista y su esposa, y de la época que vivieron",2023-11-01
"‘La Mesías’, ¿inquietante?",La serie de Javier Ambrossi y Javier Calvo me sorprende. Es tan imaginativa como turbia. Llegaré al desenlace. Pero no tengo claro si me fascina o me repele. O tal vez un poco de ambas cosas,2023-10-28
"‘La contadora de películas’: de todo un poco. Resultado, a medias","No me ocurre nada malo viendo esta película, pero esperaba más de una directora como Lone Scherfig en este drama en el desierto chileno de Atacama",2023-10-27
‘Los asesinos de la luna’: más sordidez que fascinación en la nueva película de Scorsese,"La sabiduría que almacena la cámara de este hombre impide que mire el reloj, pero casi nada de lo que cuenta me apasiona, no me enamora como en otras ocasiones",2023-10-20
¿Peor imposible?,"Percibes el acojone colectivo en los supermercados, con gran parte de la clientela observando compulsivamente el precio de los alimentos y de las cosas. Dudo que esas sensaciones las sufra la clase política",2023-10-14
El gran público adoraba a Charlton Heston. Con razón,"Hace 100 años nació un triunfador nato, siempre convincente en géneros variados, un tipo con autenticidad y magnetismo, sobrio, en posesión de algo épico",2023-10-13
Nobel,"Resulta patético, aunque también cómico, hacer memoria de unos cuantos escritores a los que la presunta corte de sabios les negó el supremo reconocimiento",2023-10-07
"‘Dispararon al pianista’: imágenes, sonido, belleza","Trueba y Mariscal siguen las huellas del pianista brasileño Tenório Júnior, genio de la ‘bossa nova’, que una noche salió de su hotel en Buenos Aires y se lo tragó la oscuridad y el espanto",2023-10-06
"Chirbes, te quiero","Lúcido, tierno, hiperculto, implacable consigo mismo y con los demás. Era un escritor de la hostia",2023-09-30
‘Golpe de suerte’: el azar tratado con inteligencia ,"Woody Allen, a punto de cumplir 88 años, se desplaza a París para rodar una película irónica con situaciones complejas y ausente de moralismos",2023-09-29
‘Cerrar los ojos’: inmune a esta poética de Víctor Erice,"Soy incapaz de sentir nada grato. Tampoco me irrito demasiado. No sé qué es peor, si la indiferencia o el encabronamiento",2023-09-29
La siempre resucitada Inquisición a través de la autocensura,"Los medios de comunicación no descuidan estos días ni un segundo, hasta el mareo, la sagrada causa de las futbolistas",2023-09-23
Huelga de integridad artística,Pero está claro que los guionistas de Hollywood han sido muy dóciles y obedientes con las directrices del gran mercado,2023-09-16
"‘El sol del futuro’: Nanni Moretti, ese señor tan raro como necesario","El cineasta italiano combina muy bien la comedia y el drama, sigue creyendo en la supervivencia de una izquierda racional y que no sea deudora de las cansinas y mentirosas consignas",2023-09-15
Leona,La ausencia de filtros mentales en María Jiménez desata mi carcajada. Me caía muy bien la fallecida leona,2023-09-09
"‘Verano en rojo’: pederastia pero, sobre todo, acción ","La intriga no se centra solo en esa vieja tortura. Pretende ser una película policíaca, de suspense. Y posee cierta solvencia, está bien rodada, se ve y se escucha sin la tentación de mirar el reloj",2023-09-08
Hoguera,"Alucino gratamente ante la inmensa cultura, la renacentista inteligencia, la forma de expresarse sobre las personas y los libros, el sentido del humor y de la ironía de aquel hombre prodigioso, Umberto Eco",2023-09-02
No culpable,"Hollywood, tan hipócrita como pragmático, trató a Kevin Spacey como a un apestado cuando fue acusado de delitos sexuales contra cinco hombres. El jurado acaba de absolver en Inglaterra al actor",2023-07-29
Interpretando sin credibilidad,"La clase política intenta vender al público un producto supuestamente inmejorable, pero la mayoría de estos histriones lo hacen fatal, sus gestos parecen falsos o mecánicos",2023-07-22
"‘Oppenheimer’, un tema árido para una buena película ","La cinta de Christopher Nolan posee clima, personajes matizados, diálogos inteligentes, zonas de luz y de sombra y una fuerza visual que llega a deslumbrar ",2023-07-20
"‘Misión: Imposible. Sentencia mortal. Parte 1’: más de lo mismo. Qué pesadez, Tom Cruise",Su protagonista sigue empeñado en erigirse como el heroico salvador del gran espectáculo. Le salió bien la jugada con ‘Top Gun: Maverick’. Y continúa como emperador del mercadeo disfrazado de aventura ,2023-07-11
Smiley,"Seguro que, si aún viviera el cornudo, analítico y también romántico personaje creado por John Le Carré, le hubiera creado muchos problemas al depredador Putin",2023-07-08
Cuando el cine chorrea calor,"El calor se ha presentado en las películas en varias formas: como síntoma del erotismo, como provocador del hastío o como generador de atmósferas opresivas",2023-07-07
¿A elegir?,"El poder espera que voten el 70% de los ciudadanos. Queda un 30% que se abstendrán. Mogollón de gente. Y no todos, digo yo, pueden ser sociópatas, vagos, irresponsables. Pero los hacen invisibles e inaudibles",2023-07-01
‘Indiana Jones y el dial del destino’: Indy se merecía una despedida mejor,"Que siga sobreviviendo el cine de aventuras, pero la última película del seductor arqueólogo no me proporciona ni frío ni calor",2023-06-28
Teatro,"No he logrado jamás contagiarme de pasión, o simple entretenimiento hacia el ancestral y prestigiado arte del teatro",2023-06-24
"‘Una vida no tan simple’: tan creíble, inteligente y sutil","Sigo recordando lo que les ocurre a los protagonistas de la nueva película de Félix Viscarret cuando salgo a la calle. Y les deseo que les vaya bien, aunque lo tengan complicado",2023-06-23
Cambalache,"Debió de comenzar con Adán y Eva y se prolongará hasta el apocalipsis, algo que tiene la pinta de no estar tan lejano",2023-06-17
"Atticus Finch, un personaje para la eternidad: 20 años de la muerte de Gregory Peck","No sé si el protagonista de ‘Vacaciones en Roma’ y ‘Matar a un ruiseñor’ era un gran actor, pero está claro por qué fue una estrella. Poseía ese encanto que justificaba el precio de la entrada",2023-06-16
Cine,Mis queridos niños pensarían alarmados que he vuelto a darle al trago o intentarían ingresarme en un frenopático si un día decidiera que vieran películas como ‘Todo a la vez en todas partes’ y ‘Jeanne Dielman’,2023-06-10
‘El maestro jardinero’: Siempre reconocible Paul Schrader,Sigo con relativo interés la historia y encuentro fascinante algún momento. Cuando aparece esa apasionante actriz y mujer llamada Sigourney Weaver hay misterio y desearía saber más cosas de su personaje,2023-06-09
Se fueron,Acostumbraba a marear a los pacientes libreros preguntándoles cuándo iba a salir un nuevo libro de los escritores que amaba. Y me pongo triste cuando me entero de la defunción de estos,2023-06-03
‘Los osos no existen’: no entiendo el cine del perseguido Jafar Panahi,"Tiene mucho mérito el tesón para sobrevivir, cuando su acorralamiento es permanente, de este director, pero no le pillo la gracia ni entro en su particular universo",2023-06-02
Espanto,Ningún ser humano se  preocupó por él. Ninguna duda razonable de que el infierno está en la tierra,2023-05-27
‘Extraña forma de vida’: tan corta como olvidable,"Deduzco que la adscripción al género del wéstern es debida a que los personajes van vestidos de época, aparece un caballo y se dispara un revólver",2023-05-26
La hostia,"Los análisis e informaciones extenuantes en las televisiones sobre los comicios se alternan con el apasionante universo de una señora llamada Tamara, marquesa de no sé que o de no sé dónde",2023-05-20
‘Las ocho montañas’: gente que encontró su lugar en el mundo ,La película italiana logra conmover mostrando la eterna fusión de los protagonistas con la naturaleza. Es algo físico pero también espiritual. Es una irrenunciable forma de vivir. ,2023-05-19
David Simon,"Buen momento para retornar a su obra maestra. Nunca se ha filmado con tanto talento, verdad, mala hostia, complejidad, un documento como este sobre la invulnerabilidad del sistema y la corrupción como norma",2023-05-13
"‘Marlowe’: ni Marlowe, ni Neil Jordan, ni nada","Hay una sensación de falsedad, de cutrerío visual y narrativo, de un guion convencional que no tiene nada apasionante que contar, que inunda casi todo el metraje",2023-05-12
Coronación,"Al parecer lo esencial para sentirse vivos es poseer fe. En la realeza, en las instituciones, en las religiones, en las ideologías, en dioses etéreos, en iglesias y mezquitas, en la ejemplaridad de los suyos y en la maldad de los otros",2023-05-06
¿El guionista es la estrella?,"Es dudoso que el público conozca los nombres de esa gente cuya imaginación se dedica a parir historias para alimentar películas, series y programas de televisión",2023-05-05
Acorralados,"Si la gente mayor pretende sobrevivir, ver todo el rato la televisión les puede enviar al frenopático o al cementerio",2023-04-29
‘Beau tiene miedo’: ¿de qué va esto? Ni idea,"Deduzco que el creador de este indescriptible filme, Ari Aster, dispone de mucho crédito entre la cinefilia vanguardista. Me resulta imposible describir lo que ocurre en los insoportables 180 minutos",2023-04-28
Guiones,Uno de los trabajos con más presente y futuro que existen es el de guionista. La demanda de las productoras para abastecer su inmenso mercado debe de ser irresistible. Tampoco se plantean problemas de calidad al crearlas,2023-04-22
‘20.000 especies de abejas’: excelente Patricia López Arnaiz. ¿Y qué más?,"No tengo nada en contra de los argumentos de moda, que gozan de la bendición cultural, mediática y política, a condición de que estas historias estén contadas con arte, me seduzcan y me conmuevan",2023-04-21
Fascinado con ‘El sapo’,"Este documental de Amazon Prime Video me deja tocado. Habla el protagonista, un señor que robó varios cuadros de la inaccesible madame Koplovich. Me recuerda al mitológico Hannibal Lecter",2023-04-15
‘Conspiración en El Cairo’: monótono misterio en la universidad islámica,"El tema daba para mucho más, pero la narrativa no tiene fuerza. Busca inútilmente el suspense. Es muy poquita cosa aunque le lluevan los halagos",2023-04-14
Maternidad,"Se ha montado el gran Cristo. Los políticos ya tienen ardoroso tema para varias semanas. El pueblo llano también. Repartiendo culpabilidades, lamentando la  transgresión de las leyes, rugiendo contra algo tan incontestable y ancestral como que el dinero puede comprar casi todo",2023-04-01
‘El imperio de la luz’: el melancólico quiero y no puedo de Sam Mendes,El cineasta reconstruye la relación entre la encargada y un joven acomodador de un cine de provincias en la Inglaterra de 1981,2023-03-31
‘Todo a la vez en todas partes’: ¿esta cosa es el presente del cine?,"Los Oscar deciden que lo mejor de su oferta es esta lamentable película, un disparate inentendible, bobamente imaginativo, pesado de ver y de escuchar",2023-03-13
La risa,"Hastiado casi siempre con los medios de comunicación, alguien lúcido me aconseja que si no puedo pasar de ellos, intente imaginar que son una broma permanente",2023-03-11
"‘La belleza y el dolor’: dolor, seguro. Pero ¿belleza?",Mi problema con la protagonista de documental tan desgarrador es que no siento ninguna simpatía ni cercanía emocional con Nan Goldin y su muy convulsa existencia,2023-03-10
Irse,Me ha parecido tan fresco como impagable el encuentro romano entre Maruja Torres y Jordi Évole,2023-03-04
"‘To Leslie’, alcoholismo olvidable","La triste historia de esta mujer adicta, o la manera en la que la cuenta el director, deja indiferente en comparación con películas clásicas de la misma temática",2023-03-03
Inquisición,Han reeditado con cambios y correctivos los libros de  Roald Dahl. También han existido tentativas de retirar de los museos la obra de Picasso. La caza de brujos es universal. Y parece ser que va a durar mucho,2023-02-25
"‘Till, el crimen que lo cambió todo’: mejor sus intenciones que su arte","El tema conmociona, pero la forma de contarlo no es brillante. Hay momentos que tienen la estructura y el aroma de un telefilme ",2023-02-24
¡Ay la tele!,"¿Qué nos venden las teles, además de incesante y odiosa publicidad? Pues horror y morbo disfrazados de información",2023-02-18
‘El triángulo de la tristeza’: otra Palma de Oro... ¿y? ,"No me pasa nada insoportable viendo esta película, pero tampoco me divierto mínimamente con la vocación ‘destroyer’ de su revolucionario creador",2023-02-17
‘As bestas’ devoran la noche de los Goya,El homenaje al recién fallecido Carlos Saura fue justo y razonable y Rodrigo Sorogoyen confirmó con su triunfo de este sábado que es dueño de un estilo original y poderoso,2023-02-12
‘Los Fabelman’: Spielberg ajusta cuentas con el cine y su vida,"La película no es perfecta, tiene bajones, no provoca sensación de enamoramiento, pero posee momentos admirables y complejos",2023-02-10
Savater,"Estigmatizado por el poderoso y asqueroso signo de los tiempos, le califican como loco, reaccionario, traidor ante lo que defendió y fustigó durante tantos años",2023-02-04
‘Almas en pena de Inisherin’: ¿qué me está contando usted?,"Los protagonistas de esta película, tal como los presenta su sofisticado, poético o excesivamente pretencioso director, no me contagian ni frío ni calor, no pillo su interés dramático",2023-02-03
Ilustres,"No concibo a ningún verdadero artista, aunque sí a multitud de políticos, cuya meta sea lograr ser beatificados por academias e instituciones",2023-01-28
‘La ballena’: demasiada intensidad... y Brendan Fraser,"Al terminar su proyección descubro que la ha dirigido Darren Aronofsky, creador ensalzado por parte de la crítica y que en este filme logra que nada me irrite, aunque tampoco que me apasione",2023-01-27
Porterías,"Sonrío y río con ‘El encargado’, esa taxidermia sobre amos y esclavos que pretenden mantener las formas, los esclavos mucho más listos que los dueños",2023-01-21
‘Babylon’: mucho ruido y pocas nueces,"A Damien Chazelle le va la marcha cantarina y bailarina como máxima expresión de los sentimientos. Esa brillantez inicial se difumina en sus filmes, como en este homenaje al Hollywood del cine mudo",2023-01-20
Fango,"Me pregunto qué cerebrito bien pagado se inventó el discurso que soltó un tal Infantino, jefe supremo de la Cosa Nostra del fútbol, en la inauguración del Mundial de Qatar",2023-01-14
‘Holy Spider’: asesinando putas en nombre de la moral,"El ‘thriller’ ofrece imágenes inéditas en los argumentos del cine que habla de la vida en Irán. Cosas tan naturales como que la gente se viste y se desnuda, algunas mujeres maquillan sus ojos y sus labios ",2023-01-13
Noticias, Sospecho que somos muchos los lectores de Vargas Llosa que alguna vez nos hemos preguntado a nosotros mismos: “En qué momento te jodiste”,2023-01-07
‘Living’: el guionista es la presunta estrella,"El argumento del Nobel anglojaponés Kazuo Ishiguro está bien desarrollado, aunque durante la película no ocurre nada grandioso ni que transmita especial emoción, a excepción de la interpretación del conmovedor Bill Nighy",2023-01-06
Plataformas,"Encuentro muy apetecible ‘The White Lotus’. Hay gracia, originalidad, inteligencia y abundancia de mala leche en ella",2022-12-24
‘Broker’: huyendo de la intemperie,"En su película, Kore-eda se niega a condenar a sus personajes turbios, a la simplificación, a la tentación de caer en la sensiblería. Muestra a sus protagonistas frágiles y creíbles",2022-12-23
Grima,"‘Autodefensa’ es lo más imbécil, inútilmente arrogante, sonrojantemente feminista que he sufrido en mucho tiempo",2022-12-17
"‘Avatar: el sentido del agua’: tanto ruido, ¿para qué?","Me pierdo con la identidad y con lo que les ocurre a los personajes protagonistas. Son seres muy raros, que al parecer componen la raza na’vi. Solo la hora final me entretiene",2022-12-16
Negros,Qué regocijo para cualquier espectador con dos dedos de frente y un poco de decencia al constatar el cabreo de Jean-Marie Le Pen cuando denunciaba que en la selección había pocos franceses de pura raza,2022-12-10
"Gracias por todo, señor Newman","El actor permanecerá siempre en la memoria colectiva de sus espectadores, pero antes de largarse de este mundo decidió contar su propia vida a su íntimo amigo. Y de ahí salió un libro",2022-12-09
‘La emperatriz rebelde’: Sissi se sentía sola y era yonki,Informan de que esta película provocó admiración y consecuentes premios en diversos festivales donde se ha exhibido. Lo entiendo. Es coherente. Yo me aburro ,2022-12-02
‘This England’,Kenneth Branagh está perfecto por dentro y por fuera retratando la personalidad y los matices de ese pijo tan desinhibido y frívolo llamado Boris Johnson,2022-11-26
‘Hasta los huesos. Bones and All’: caníbales enamorados. Pues vale,"Se ha producido el ansiado reencuentro (para muchos y muchas, entre los que no estoy) entre Luca Guadagnino y Timothée Chalamet tras ‘Call Me by Your Name’",2022-11-25
Sabina,Existe el rotundo calificativo de fascista por parte de la jauría que se autodenomina progresista para marcar a los herejes,2022-11-19
"‘La Maternal’: esa niña hosca, peleona y fascinante","Pilar Palomero narra de manera veraz y atractiva, la película está llena de pequeños y reveladores gestos, te introduce en el corazón y en los problemas de estas adolescentes embarazadas",2022-11-18
‘The Crown’,"Esperaba con compulsiva ilusión la nueva temporada de la serie. Pero me sorprendo a mí mismo al no darme el previsto atracón.  El nivel creativo permanece alto, pero mi antigua adicción se frena",2022-11-12
‘As bestas’: mucho arte en el retrato de la violencia y del miedo,El nuevo trabajo de Rodrigo Sorogoyen es una película extraña en el sentido más turbador. También poderosa. E irregular,2022-11-11
Highsmith,"Amo su obra, es mi escritora favorita. Siento adicción hacia sus imprevisibles tramas, me provoca angustia y miedo, bucea en el fondo de la mente, narra con estilo hipnótico",2022-11-05
‘No mires a los ojos’: mal comienzo y buen final,"Me dan ganas de abandonar la sala durante el tedioso comienzo de esta película. Hasta que comienza a interesarme, me introduzco con curiosidad satisfecha en la extraña relación entre los protagonistas",2022-11-04
Vasile el virtuoso,No necesitó recurrir a sociólogos ni a psicólogos para tener claro cuál era el alimento favorito de las moscas,2022-10-29
‘Ámsterdam’: ¿cine norteamericano de autor? Que les aproveche,"El guion, la realización, las melifluas interpretaciones... Todo en la nueva película de David O. Russell es un disparate ",2022-10-28
"‘Un año, una noche’: el tema es fuerte, su desarrollo menos","Este filme de Isaki Lacuesta no me irrita, como en otras ocasiones. Simplemente, soy incapaz de vibrar con la tragedia que sufren los personajes e implicarme con sus sentimientos",2022-10-21
Dinamitero,"Era un juglar inmenso y libertario, aunque nunca hubiera aceptado entrar en ninguna academia, un perenne tocapelotas. Hoy tendría 101 años. Se llamaba Georges Brassens",2022-10-15
‘Girasoles silvestres’: y ella siempre andaba buscando amor,"La nueva película de Jaime Rosales habla de una mujer joven, de clase media baja, con críos, en permanente incertidumbre, ‘rarita’ a ratos, buscándose la vida como puede",2022-10-14
A oscuras,"‘Apagón’ posee calidad, es angustiosa, a ratos hipnotiza. Aunque pertenezca a la ciencia ficción, conecta con el real y generalizado acojonamiento del personal",2022-10-08
‘En los márgenes’: qué trágicos los desahucios. ¿Y qué más?," Juan Diego Botto, director, coguionista e intérprete, no se ha cortado nunca en sus apariciones públicas para contar lo que piensa del estado de las cosas. Y aquí ofrece su indignada visión",2022-10-07
Más de lo mismo,"Los especialistas en series intentan convencerme de que abundan los ríos de leche y miel en este género. Mi miopía solo encuentra productos clónicos, mediocres y repetitivos",2022-10-01
"‘Blonde’: ¡Marilyn, que no me llores ni me grites más!","Marilyn Monroe, convertida en un personaje cinematográfico en la película de Andrew Dominik, me aburre y también me crispa",2022-09-29
Llanto,"Aunque no nos conociéramos y en alguna ocasión nos embistiéramos, sentí una punzada honda y triste con la muerte de Javier Marías",2022-09-17
¿Para que sirvió la revolución de Godard?,"La filmografía del director francés me ha producido siempre infinito tedio, irritación e incomprensión",2022-09-16
Sobredosis,Ni Isabel II ni su muy podrida familia forman parte de mis mitos. Pero una serie de televisión que mezcla ficción y realidad ha conseguido el milagro de hacerlos humanos y complejos,2022-09-10
‘Viaje al paraíso’: copiando en vano a los clásicos de la comedia,Juntar a Julia Roberts y a George Clooney no es suficiente para garantizar un resultado memorable,2022-09-09
Retorno,"Veo el primer capítulo de la precuela de ‘Juego de tronos’ y nada me resulta sorprendente en ella, pero sí, vulgar, indigno de lo que fue una serie justificadamente mitológica",2022-09-03
Calor,"Lo gore, la violencia extrema, la pornografía de los sentimientos siempre han poseído un hueco privilegiado en el mercado. Las audiencias deben de otorgar su bendición al morbo planificado",2022-07-30
Cuántos intérpretes gloriosos en papeles secundarios,"Pensando en el mejor cine estadounidense, estoy convencido de que parte de su grandeza le corresponde a extraordinarios actores y actrices marcados con esta etiqueta",2022-07-29
Menos mal que nos queda Gervais,Su humor no es para todos los públicos. No tengo nada en contra de los paladares que rechazan el sabor del caviar. Ellos se lo pierden,2022-07-23
‘El agente invisible’: ahora Marvel va de Bond y Bourne, Nada resulta original o sorprendente en esta intriga abarrotada de ruido de los hermanos Russo,2022-07-22
Vulnerables,"En mi infancia solo existían los pobres y los ricos. Y después también apareció la bendita clase media, la que ahora tiene tan crudo su presente y su futuro",2022-07-16
Y Harrison Ford llegó a viejo,"La cámara siempre ha estado enamorada de este actor, que logra transmitir su pasión a los espectadores. Y ese amor es imprescindible para lograr la condición de estrella",2022-07-14
Menos mal que quedan los libros, Ver la apestosa televisión invita al suicidio. El cine y las series son complacientemente mediocres o infames desde hace mucho tiempo,2022-07-09
‘Mali Twist’: Y el rock también llegó a Malí,El nuevo trabajo de Robert Guédiguian es una película leve que se ve y se escucha con cierto agrado. No es lo normal en la cartelera actual,2022-07-08
Publicidad convertida en lírica y humanismo ,Es muy difícil escapar completamente de la ingrata compañía de los anuncios. Ahora se han tornado aún más melifluos y empalagosos,2022-07-04
‘Sinjar’: qué miedo al Estado Islámico,"Me da pena lo que observo y escucho, pero no me toca excesivamente la fibra emocional. No me meto dentro",2022-07-01
Los Romanoffs,"Matthew Weiner elevó la ya muy alta calidad de ‘Los Soprano’ y después se inventó la adictiva ‘Mad Men’.  ‘The Romanoffs’ no es la bomba, pero posee estilo, te sorprende, te divierte",2022-06-25
"‘Elvis’, pasable y olvidable ‘biopic’ sobre el rey Presley","Con tantas películas sobre músicos, estaban tardando demasiado tiempo en abordar en pantalla la vida de aquel prodigioso cantante que alborotó la temperatura sexual de Estados Unidos",2022-06-24
A la playa,Los políticos españoles no son atractivos cinematográficamente. Ni en la realidad,2022-06-18
"‘Lightyear’: ni hasta el infinito, ni más allá","Ignoro cómo reaccionará la infancia con las aventuras espaciales de Buzz, pero a mí me provocan más sopor que entretenimiento",2022-06-17
"‘The Wire’, la Serie","Todo es complejo en ella. Los villanos y los que representan a la supuesta ley. Y todo suena a verdad, revestida de muchas capas, repleta de matices, con anverso y  reverso",2022-06-11
"‘Jurassic World: Dominion’, otra más de dinosaurios","Steven Spielberg, señor inmensamente creativo, inauguró esta saga. No la echaré de menos, si es verdad que los productores han decidido echar el telón",2022-06-10
‘El comensal’: ni frío ni calor,"La película de Ángeles González-Sinde sobre el horror de ETA pretende hablar con sutileza de los sentimientos, ser intimista sin adornos, pero me resulta tibia",2022-05-27
El Roto,Mi principal razón para abandonar la cama es observar la viñeta diaria de El Roto. Es el único editorial que me creo sobre el estado de las cosas,2022-05-21
"‘El sastre de la mafia’: nada por aquí, nada por allá","En la ópera prima como director de Graham Moore, todo me suena a teatral y a experimento con pretensiones",2022-05-20
Soledades,"Afortunadamente, la eutanasia va avanzando, se está racionalizando la piedad hacia los que no quieren soportar más dolor. Pero la compasión debería de ir aún más lejos",2022-05-14
"‘Ennio: el maestro’: Morricone, esa música con alma",Giuseppe Tornatore hace un sentido homenaje mediante el testimonio de mucha gente ilustre que trabajó con él o que siguió muy de cerca su obra,2022-05-13
Monroe,"Su cuerpo y su sensualidad resultaban tentadores a todo cristo. Jamás perdió en la pantalla el amor de la cámara, la luminosidad, el imán que poseen las verdaderas estrellas",2022-05-07
"‘Onoda, 10.000 noches en la jungla’: tan solo, tan patético, tan valiente",El director francés Arthur Hirari recrea la historia del soldado japonés que estuvo tres décadas en una isla filipina viviendo su propia II Guerra Mundial,2022-05-06
Profesiones,"Casi todo en la televisión es rutina, fórmulas previsibles, repetición histérica, la nada",2022-04-30
"‘Alcarràs’: respeto, pero no fascinación","Carla Simón posee sentido del neorrealismo, mundo propio, una forma honesta de retratar al prójimo. Admitiendo todas estas virtudes,  este drama no me enamora",2022-04-29
Ultracuerpos,"Salvo excepciones, con las plataformas pagas por ver series clónicas, producto de fórmulas despreciables, temáticas repetitivas, vacío y truculencia",2022-04-23
"‘El hombre del norte’: mucho ruido, cantidad de sangre","Este drama sobre vikingos posee cierta fuerza visual, también un ritmo adecuado a la brutalidad que están describiendo",2022-04-22
¿El diablo?,El documental que exhibe Netflix sobre la vida pública y las atrocidades privadas de un individuo llamado Jimmy Savile lleva un subtítulo lúcido y aclaratorio: ‘Una historia de terror británica’,2022-04-09
"‘París, distrito 13’: del sexo y otras cosas","El nuevo trabajo de Jacques Audiard provoca cierto morbo e intriga por saber cómo va a acabar la historia, para la que el director usa primorosamente el blanco y negro, hace creíbles a sus personajes y crea atmósfera",2022-04-08
"‘Canallas’, perdedores irredentos, ¿y con gracia?","Mi estado de ánimo no se altera con lo que veo y escucho. No me siento agredido por la segunda película como director de Daniel Guzmán, aunque tampoco hay nada que me apasione",2022-04-01
Qué patético recordar los Oscar por un sopapo,"Smith, después de ejercer de Cassius Clay, pidió perdón a sus amados colegas de la Academia y se declaró en un arrebato de sonrojante cursilería como “embajador del amor”",2022-03-29
El Moderno,"Imagino que en este estúpido mundo de ‘influencers’ y ‘youtubers’, Andy Warhol sería Dios",2022-03-26
‘Llegaron de noche’: mejor las intenciones que el estilo,"Imanol Uribe habla de los seis jesuitas a los que asesinó el Gobierno de El Salvador a través de una mujer, cocinera y asistenta, testigo de la atrocidad",2022-03-25
Teatreros,Qué complicado sobrevivir en tu vejez si proclamas tu precaución o tu asco hacia los que manejan sus fatuas convicciones que imponen moda y poder,2022-03-19
‘El acontecimiento’: un retrato del aborto que da miedo,La película la dirige con profundidad y estilo Audrey Diwan. Un par de veces he tenido que apartar la mirada de la pantalla en una sala vacía. Y he salido tocado,2022-03-18
Pecados,"De niño y adolescente, había subidón de adrenalina cuando los rombos censores aparecían en la pantalla del televisor ",2022-03-12
‘La peor persona del mundo’: pasa la vida y el amor,El noruego Joachim Trier describe los sentimientos y las situaciones con vocacional sutileza y con una sofisticada narrativa visual. Y no me molesta,2022-03-11
Deferr,El naufragio de uno de los atletas más grandiosos que ha dado este país da para una película o una novela,2022-03-05
Alba,"A mi última heroína la observo en un programa de Telemadrid llamado ‘Gente maravillosa’. Demuestra coraje, solidaridad, sentido de la justicia, ovarios",2022-02-26
"‘El triunfo’, redimidos por el teatro","El director Emmanuel Courcol describe con sentimiento y gracia los intentos de un actor a la baja, deprimido y sin trabajo, por implicar a cinco presos para que interpreten ‘Esperando a Godot’ ",2022-02-25
El poder,"Yo, vengativo plebeyo y ácrata de salón, me divierto cantidad con los bocados a la yugular que se están sacudiendo los próceres de la gran familia de la libertad",2022-02-19
‘CODA’: cine independiente sobre sordomudos felices,No tengo la sensación de haber perdido el rato con esta película de buenos sentimientos. Pero me parece una exageración que la hayan incluido en los Oscar ,2022-02-17
"Gala de los premios Goya: agradecimientos, dedicatorias y tedio","La ceremonia fue un espectáculo aburrido, carente de ritmo y de gracia, piadosamente olvidable, aunque los premios fueron razonables",2022-02-13
Viejos,Sospecho que la única compañía casera de muchos ancianos es la televisión en abierto. Aterra pensar cómo se pueden sentir con esa oferta asquerosa,2022-02-12
‘Licorice Pizza’: afable retrato de un amor temprano,Salgo de ver la película de Paul Thomas Anderson con buen sabor de boca. Nada más. Me conformo con eso,2022-02-11
Ozono,"Soy de los patéticos ancianos que piden ayuda en los bancos, esos lugares malignos, explotadores, asquerosos e impunes, en los que depositas tu dinero y que se permiten el lujo de despreciar a los viejos",2022-01-22
"‘El callejón de las almas perdidas’: Guillermo del Toro, por debajo de su sugerente título",El nuevo trabajo del cineasta es una película en posesión de cierto aroma aunque a la que le falta algo muy necesario. No tengo claro de qué se trata,2022-01-21
Tantos Juanes,"Al observar y escuchar a gran parte de la clase política, deduzco que lo que cuenta ‘Vota Juan’ no es ficción, sino una temible fotografía de la actualidad",2022-01-15
"A Joel Coen le faltaba Shakespeare, para bien","Es una película rara en el mejor sentido, arriesgada, que capta el espíritu de aquel señor que lo sabía todo de la naturaleza humana",2022-01-14
Bogdanovich,"El director, fallecido este jueves, se las ingenió para andar muy cerquita de los grandes, de maestros del cine, saliendo inevitablemente en la foto, masajeándolos por sus continuos halagos",2022-01-08
Vividora y misteriosa: gloria a la reina Ava Gardner en su centenario ,"No protagonizó ningún clásico de la historia del cine, pero su presencia se mantiene inolvidable en películas como ‘Mogambo’ o ‘La noche de la iguana’",2022-01-07
"‘West Side Story’: su música permanece inmortal, lo demás es correcto","Vi la primera película de niño. No me fascinó en su momento ni en posteriores revisiones, pero me enamoré de la partitura de Leonard Bernstein, Spielberg aporta ahora muchas ganas y una factura impecable",2021-12-22
Mala gente,Aguanto demasiado tiempo observando las maniobras de estos tarados para lograr el poder. Todos son unos cabrones en ‘Succession’,2021-12-18
"Luminosa, graciosa y tierna Verónica Forqué","Su personalidad, su capacidad para despertar en los espectadores la sonrisa o la carcajada, la alegría de su gesticulación, su comicidad no eran impostadas",2021-12-17
Así son,Es asqueroso que esos hipócritas que claman contra las drogas dejen perdidos de blanco lugares tan íntimos como los lavabos del Parlamento británico,2021-12-11
‘No mires arriba’: vista y olvidada,"Dos astrónomos descubren aterrorizados que un cometa va a estrellarse contra la Tierra. Avisan a los gobernantes y al público. Lo que arranca como una sátira deviene en aburrimiento sin gracia a pesar de DiCaprio, Streep o Lawrence",2021-12-10
Sopor,En el documental ‘The Beatles: Get Back’ (Disney +) sobra casi todo el tiempo. No quiero ver más a los Beatles. Solo deseo seguir escuchándoles hasta el último día de mi vida,2021-12-04
Habla la memoria de Sorrentino,"‘Fue la mano de Dios’ no es la mejor película que ha realizado el director italiano, pero es con toda seguridad la más intima",2021-12-03
Money,"Sospecho que la cristalina pretensión de tantos luchadores por la justicia, la reparación moral y la condena de los abusadores se reduce en el fondo al: “¿Qué hay de lo mío?”",2021-11-27
‘La casa Gucci’: nada memorable esta tortuosa familia,"Tengo un  serio problema con la película, cuyos 150 minutos se me hacen largos y ninguno de sus personajes se me hace querible",2021-11-26
Actrices,"Hay dos intérpretes de primera clase en la política actual. Una es Isabel Díaz Ayuso. Parece espontánea, natural, directa, de cerebro rápido",2021-11-20
"‘Spencer’: Lady Di, aquella princesa perdida y sola",Pablo Larraín plasma con una cámara inquietante la permanente crisis de una mujer que vaga por un palacio rodeada de una familia real pendiente de las formas,2021-11-19
‘Pan de limón con semillas de amapola’: tan previsible como fatigosa,El título puede sugerir que la vocación de esta película es poética o surrealista. O solo cursi. Tengo la sensación de que está realizada con excesivo cálculo,2021-11-12
Esperando,Leo que medio millón de madrileños están en lista de espera de hasta 18 meses. Esto ocurre en una ciudad que ha votado masivamente a su castiza e inmaculada Virgen,2021-11-06
‘Santos criminales’: resucitan a ‘Los Soprano’. ¿Para qué?,"David Chase escribe y produce esta precuela. Le ha encargado la dirección a Alan Taylor, que firmó nueve episodios de la serie. La sitúan en la década de los sesenta, cuando Tony Soprano es adolescente. La historia es grisácea y aburrida",2021-11-05
¡Bingo! ,"Sé la tiranía que pueden imponer las adicciones, pero fingir que te pueden quitar la vida para que tu marido siga alimentando tu vicio o tu enfermedad se acerca al esperpento más cruel",2021-10-30
¿Está el jazz en las catacumbas?,"Esta música me enamoró a perpetuidad. Ofrece compañía, belleza, sensualidad, misterio y corazón para todo tipo de estados de ánimo",2021-10-30
‘El último duelo’: turbiedad y espectáculo en la Edad Media,"La estructura narrativa usada por Ridley Scott no es nueva. Kurosawa la utilizó sabiamente en ‘Rashomon’, y consiste en que la historia está relatada a través de los protagonistas: una mujer violada, su marido y el violador",2021-10-29
Molando,La trilogía de Carmen Mola solo raspa el aprobado. El suntuoso premio de un millón ha bastado para que los autores descubran su identidad. Normal. Poderoso caballero es don Dinero. Pero no mola,2021-10-23
‘La crónica francesa’: otra monería hueca de Wes Anderson,"Le debo al cine del director estadounidense inolvidables horas de tedio, de observar ambientaciones tan primorosas como huecas",2021-10-22
"Resucita, Brassens","Era un juglar tan cercano como entendible, irreverente, tierno, salvaje, irreductible.  Me describió la vida mejor que nadie",2021-10-16
"‘BAC Nord’: ¿un planfleto racista? Sobre todo, buen cine","Estos perdedores te transmiten su angustia, su vulnerabilidad, su permanente humillación, sus victorias pírricas, su ausencia de futuro",2021-10-14
"¡Ay, Nobel!","A veces la decisión del jurado puede servir para que descubramos a escritores con muchas cosas interesantes que contar, con estilo. Pero también se colarán otros irrelevantes",2021-10-09
"‘Madres paralelas’, de Pedro Almodóvar: la maternidad y no sé cuántas cosas más",Permanezco en plan iceberg ante la progresiva tragedia de dos amorosas y solteras madres a las que se les complica dolorosamente la existencia ,2021-10-07
Otro palmarés grotesco. ¿Y van cuántos?,"‘Adiós a todo eso’, que así titulaba Robert Graves su biografía. Apuesto que mogollón de lectores me echarán de menos después de 40 años hablándoles de estas movidas",2021-09-25
"‘Quién lo impide’, adolescentes de verdad y un barco solo aceptable en ‘La Fortuna’","No sé si es una propuesta radical, solo sé que yo la veo con notable interés, y que en algunos momentos me conmueve. Veo sin fatiga, pero exento de fascinación, la serie de Amenábar",2021-09-24
‘La abuela’: un buen director para una historia incomprensible,Estoy atento a lo que pretende narrarme Paco Plaza en su película. El problema es que no entiendo casi nada ,2021-09-23
Inquietante y dura ‘La hija’,"Es agradecible la zozobra y el enigma que plasma Martín Cuenca, que narra el refugio que ofrecen un educador de un centro menores y su mujer a una adolescente embarazada y problemática",2021-09-22
Un Javier Bardem en estado de gracia,"‘El buen patrón’, de Fernando León de Aranoa, consigue divertirme y que en algún momento estalle la carcajada. Solo por la actuación de su protagonista compensa ver la película",2021-09-21
Tedio ante el abusivo signo de los tiempos,"Las disquisiciones de ‘Quiero hablar de Duras’ me resultan tan prescindibles como insoportables, algo parecido a lo que me ocurre con ‘Blue Moon’.  No comprendo casi nada de ‘Distancia de rescate’, pero tampoco me fascina",2021-09-20
Cantet bucea en la turbiedad de las redes sociales,"Autor de un cine social, inteligente y antipanfletario, el director francés logra ser desasosegante y complejo narrando la terrible historia ‘Arthur Rambo’",2021-09-19
Icíar Bollaín gana una apuesta arriesgada con ‘Maixabel’,La cineasta sale airosa de un territorio muy áspero con la película sobre el encuentro de la viuda de Juan María Jáuregui y el etarra que lo asesinó ,2021-09-19
"Zhang Yimou, tan bienintencionado como tibio",El esplendor acompañó durante mucho tiempo al cine del director chino su cine. Dejó de interesarme cuando este descubrió lo rentable que podían ser las películas de dagas voladoras,2021-09-18
"‘Dune’: con vocación de gran espectáculo, pero con resultado hueco",Hollywood sabe desde hace mucho tiempo que dispone de una clientela tan numerosa como fiel que responde a sus fórmulas invariables,2021-09-17
Aquel día,"La televisión de un hospital, hace justo 20 años, me alertó de que algo tan extraño como terrible estaba ocurriendo en Nueva York",2021-09-11
"Una estrella que no ciega, un actor de reparto que deslumbra","No experimento ninguna sensación especial ante la lamentable muerte de Jean-Paul Belmondo, pero sí me emocionaba el talento del también fallecido Michael K. Williams",2021-09-10
Exilios,Abruma calcular el monstruoso peso de los aviones que utilizan los padres de las patrias al exiliarse. Los metales preciosos y las joyas deben de ocupar casi todo el espacio. Pobrecitos,2021-09-04
‘Chavalas’: retrato creíble e irregular de chicas de barrio,"Me acerco a ver la película con ánimo débil, pero me encuentro con actrices que funcionan, que en algún momento dan la impresión de que son mujeres filmadas con cámara oculta",2021-09-03
Retorno,"Es obsceno ver a los invulnerables dando la matraca todo el rato con el padecimiento de los débiles. Se supone que son periodistas, aunque parecen actrices y actores de cartón",2021-09-02
ElBulli,"Se cumplen 10 años del cierre del restaurante. Solo lo visité una vez, pero mis sentidos y mis papilas gustativas guardan eterna memoria de aquella Capilla Sixtina del arte de comer y beber",2021-07-31
Inmigrantes,Hay muy pocos nativos en los trabajos duros. Me pregunto qué ocurriría en este país si los inmigrantes decidieran largarse,2021-07-29
Los retratos de un psicópata y de un bipolar cierran un olvidable Cannes,"La Sección Oficial se despide con dos títulos que giran alrededor de la locura, ambas películas visibles y audibles",2021-07-17
"Maestros de Cannes, que no del cine",Olvidable jornada protagonizada por directores que ama el festival,2021-07-16
"Festival de Cannes: cine solo aceptable de Audiard, Baker y Enyedi","Después de asistir sin respiro a tres películas con un metraje colectivo de siete horas, no puedo quejarme excesivamente de lo que he visto",2021-07-15
"Asghar Farhadi, tan humano y tan complejo","El cine que hace este hombre, en sus aciertos y en sus desfallecimientos, siempre me interesa, me hace pensar y dudar, incluidas sus venturosas incursiones en el cine español y en el cine francés",2021-07-14
Lamentable panorama del cine de autor,"En el retorno al castigo y el aburrimiento que depara la sala oscura, me encuentro con ‘The French Dispatch’, dirigida por ese payasete sin gracia, sofisticado y vanguardista llamado Wes Anderson",2021-07-13
El inhóspito mundo de los tres pisos,"Nanni Moretti describe en ‘Tre Piani’ la historia de tres familias de un bloque de viviendas que, aparentemente, se llevan bien",2021-07-12
Paul Verhoeven derrapa con su monja lesbiana,"Se presentan ‘Benedetta’, la más reciente obra del osado director holandés, y ‘La fractura’, dirigida por Catherine Corsini e interpretada por Valeria Bruni Tadeschi",2021-07-09
Festival de Cannes: mucho caos y poco cine,El desorden se impone en la muestra al querer compaginar seguridad con negocio ,2021-07-08
Mierda,"Ayuso destina a Toni Cantó, en oceánica soledad, a una movida involuntariamente cómica denominada Oficina del Español",2021-07-03
¿Ventrílocuo?,"¿Es racional sentir grima? Es lo que provocaba en mí la gestualidad, la voz, el careto y también los estúpidos muñecos del ventrílocuo y no sé cuantas cosas más Jose Luis Moreno",2021-07-01
De bien,Observo la salida del trullo de los patriotas catalanes. Aparecen con una pancarta en la que está impresa “freedom”. Para que el resto del mundo se entere de qué va su liberadora movida,2021-06-26
‘Envidia sana’: del triunfo y su soledad,"No me divierto excesivamente con esta comedia, pero tampoco me ocurre nada malo con ella, a excepción de su insufrible arranque",2021-06-25
Premios,Flipo en colores al enterarme de que a partir de ahora ya no existirá el sexismo en el Festival de Cine de San Sebastián a la hora de conceder sus ancestrales premios a las mejores interpretaciones masculina y femenina,2021-06-24
El ‘furbo’,"Resulta grotesco que la oralidad de muchos futbolistas se manifieste frecuentemente mediante tópicos, respuestas infantiloides o vacuas",2021-06-19
El buen rollo de los latinos en Nueva York,"Este musical lo creó para el teatro hace 15 años Lin-Manuel Miranda, señor que acaparó infinitos premios, elogios y audiencias masivas con su obra ‘Hamilton’",2021-06-18
Al vacío,Aún puedo estremecerme y sentir infinita piedad al escuchar que un hombre se lanzó al vacío cuando fueron a desahuciarle de la casa que habitaba,2021-06-17
¿Tonta?,"Isabel Díaz Ayuso es lista, dispone de agilidad mental, desprecia el filtro, utiliza el sentido del humor con los demás y consigo misma, aparenta seguridad en sí misma, es descarada, no es cobarde ni aburrida",2021-06-12
Genios,"No es una película excepcional, aunque sí muy digna. Alimenta la curiosidad y el deseo de que esta actriz prosiga como cineasta. Y verla a ella siempre es un placer para la vista y el oído",2021-06-11
¿Feminismo?,Vuelvo a ver incontables veces los excelentes documentales de Netflix sobre algunos grandes músicos del siglo XX. El último que he descubierto es uno dedicado a Elvis Presley,2021-06-10
Seguimos igual: ¿quién era Salinger?,La demagogia va ganando la batalla contra la sensatez y la moda de la renovada boba y estomagante Inquisición va a ser duradera,2021-06-05
¿Bondad?,"La película recoge el testimonio de Joanna Rakoff, una chica con ambiciones literarias cuyo primer trabajo en Nueva York, en la agencia que representaba al mítico escritor, consistió en responder a las cartas que enviaban sus admiradores",2021-06-04
Asesorando,Es muy raro que ganen los buenos. Y si alguna vez lo hacen tardan muy poco en convertirse en malos. Así pensamos los simplistas y los demagogos,2021-06-03
"Vuelve David Lynch, símbolo del cine de culto",Agradezco la oralidad peliculera de Iván Redondo. Tonterías tan exuberantes y melodramáticas al menos me despiertan la risa,2021-05-29
Crímenes,Se reponen ocho películas de este venerado gurú de la vanguardia y de la modernidad ,2021-05-28
Intérpretes,"Veo con retraso, sorprendido por su torrencial audiencia, la serie ‘Line of Duty’. El planteamiento es atractivo pero me agota su narrativa",2021-05-27
¿Qué es el cine?: ‘Plácido’ y ‘El verdugo’ ,"Los dones para convencer al público de los ministros y ministras son inexistentes. Lo que narran es banal, mentiroso o ininteligible, pero la forma de hacerlo es aún peor",2021-05-22
Putas,"Luis García Berlanga fue dueño de un universo irrepetible, de una forma genuina de observar y retratar a las personas y las cosas",2021-05-21
Histeria,"Constato en las producciones nativas que están creando un nuevo género, que permite a sus creadores mostrar mogollón de carne femenina y hacer moralismo reivindicativo",2021-05-20
"Angustia, entretenimiento y Angelina Jolie","La televisión, esa ventana para mirar el mundo que asegura la cursilería o la ceguera, permite a los que viven solos creer que no están aislados",2021-05-15
Emoción,"‘Aquellos que desean mi muerte’ posee dos cebos para mi interés: volver a contemplar a su protagonista y seguirle la pista a su director, Taylor Sheridan, ilustre guionista de ‘Comanchería’",2021-05-14
Votos,"Se le quiebra la voz, estalla en llanto. Es el momento más emocionante y grandioso que he vivido en una radio. Lo protagoniza mi amigo Carles Francino",2021-05-13
"Ay, el amor entre los desposeídos","Democracia, libertad, comunismo, fascismo, socialismo. Estos conceptos tan serios jamás habían sido tan manoseados por la clase política",2021-05-01
Sorna,"De las diez nominaciones que tenía ‘Mank’, solo le han concedido dos premios menores. Que el diablo les perdone",2021-04-26
Not provided,"En el tan previsible como olvidable debate, al menos Ángel Gabilondo, el filósofo lanzado a la cenagosa y prosaica arena pública, me hizo sonreír en algún momento",2021-04-24
Estupor,No logro conmoverme ante la guerra entre ricos y pobres que se está  montando en estos volcánicos días con el fútbol,2021-04-22
Cuba,"En las grandes convulsiones de la historia, pocas veces ganaron los buenos. O se tornaron muy malos en el momento que consiguieron el trono",2021-04-17
"Caótico, descarnado y fascinante Shane MacGowan","En ‘Crock of Gold’, Julien Temple ilustra la vida del líder de The Pogues, autor de hermosos himnos que han acompañado a los borrachos en el cierre de los bares",2021-04-16
Y dale,"Sospecho que en la segunda entrega de ‘Lo de Évole’ con Miguel Bosé todo va a ser incendiario, reivindicando su negación de una plaga tan evidente como siniestra",2021-04-15
¿Y los clásicos?,Quiero pensar que aún existe una cinefilia de gente joven no embrutecida por los móviles y el anfetamínico aunque hueco mundo de  Marvel,2021-04-10
Anverso y reverso del alcohol,El planteamiento inicial provoca la sonrisa y la solidaridad con estos revolucionarios que creen encontrar en Baco la tabla de náufrago para su insatisfacción existencial,2021-04-09
Blanqueamiento,"En ‘Love is in the air’ todo es ñoño, pero lo más asombroso es esas criaturas de piel esforzadamente blanca",2021-04-08
Cantó,"Al político se le ve permanentemente encabronado, artificiosamente agresivo, chungo, desprendiendo el tufo del teatro malo",2021-03-27
"“Lárgate de aquí, Jake. Esto es Chinatown”","El libro ‘El gran adiós’, de Sam Wasson, ilustra el rodaje de la obra maestra de Roman Polanski, con Jack Nicholson y Faye Dunaway como protagonistas",2021-03-26
¿Qué hacer?,"Me aburren, me parecen inanes, repetitivas o irritantes la mayoría de las series actuales que exhiben las plataformas",2021-03-25
Sin perdón,"El grito de “vete al médico” es tan gratuito como salvaje, es el exabrupto de un miserable impune, es la barbarie y el desprecio hacia los más débiles en estado puro",2021-03-20
Creencias,Lo de poseer una fe indestructible en algo debe de ser luminoso y consolador en el camino hacia la muerte. ¿En qué creo yo?,2021-03-18
Asco,"El desprecio de la tribu política hacia los intereses de la plebe alcanza cotas salvajes cuando, en medio del desastre general, se dedica a planear nuevas elecciones, mociones de censura, apaños sórdidos",2021-03-13
Mujeres,"Por suerte, Nevenka Fernández puede contar su historia 20 años después. Otras no pudieron. A algunas las enviaron prematuramente al cementerio",2021-03-11
El posibilismo y Banderas superan el “gran marrón”,"Condujo la gala con estilo, profesionalidad, naturalidad, sin pasarse ni quedarse corto",2021-03-07
Invalidez,"Mi escaso sentido de la responsabilidad todavía me obliga a ver cosas muy publicitadas por las plataformas y bendecidas por la crítica, como la inane ‘The Assistant ‘o la lamentable ‘Color Out of Space’",2021-03-06
Enmascarados,"Cuentan que entre los vacunados abundan miembros del clero, la política y el funcionariado. Dudo que hayan recibido la inyección personas expuestas permanentemente al contagio, como los empleados de los supermercados",2021-02-27
El cantante,"Puedes entender que los cócteles molotov sean populares contra las dictaduras, pero andar incendiando las ciudades solo se le puede ocurrir a gente averiada de la sesera",2021-02-20
Solo buenas intenciones,"Reconociendo la originalidad del arranque espero que este problemático amor femenino me contagie su desgarro, pero está contado de manera plana",2021-02-19
Caníbal,"Necesitando un narcótico más apasionante que el retrato realista de ‘El destripador de Yorkshire’, recurro por incontable vez a una película aterradora que acaba de cumplir 30 años: ‘El silencio de los corderos’",2021-02-18
Apasionante,"Dicen que las  pasiones alimentan la vida y los sueños de la gente. Y son muy diversas, aunque  sospecho que en esta época están a la baja",2021-02-13
Tom Hanks y poco más,"Con este wéstern tengo la molesta sensación de que sé lo que va a ocurrir en cada secuencia, lo que van a decir, a realizar y a sentir los personajes",2021-02-12
Confusión,Ya no practico esa caridad que tranquilizaba a mi conciencia y me hacía  sentir solidario,2021-02-11
Cien años de inmarchitable encanto,"Atravieso una sensación tan placentera como insólita al ver en un cine, por la mañana, con escaso y entregado público, una película muda primorosamente restaurada que cumple un siglo",2021-02-05
Matraca,"Habiendo  descubierto el Gobierno que salir todo el rato en televisión puede dotar  de poder mitológico a alguien tan correcto y aséptico como Illa, han  decidido amortizarlo",2021-02-04
¡Ay la tele!,"Si siempre me pareció latosa, mediocre, convencional, histérica, sensacionalista, en el año que ha transcurrido desde el arranque de la peste se ha superado a sí misma",2021-01-30
Sexo y muerte,"El patológico universo que retrata da miedo y asco, también posee imán. El clima es desolador, pero te empapa",2021-01-29
Youtubers,"Sus ingresos deben de ser tan  espectaculares que, como tanto delincuente económico, ha decidido  hacerse andorrano",2021-01-28
Sotanas,"Estuve en un  internado curil desde los 9 a los 15 años. Descubrí tempranamente lo  que significaba el poder en manos de bestias impunes, sufrí su  violencia física y mental ",2021-01-23
¿Qué he hecho yo para merecer esto?,Este drama noruego trata de forma tediosamente reiterativa de ese maldito depredador llamado cáncer. Empiezo y acabo harto y horrorizado de tumores,2021-01-22
Yo primero,"Algunos concejales, sanitarios y antiguos representantes de la casi  siempre sórdida cosa pública han logrado que les  vacunen ya. O políticos en activo. Qué asco da el eterno  esplendor del cambalache",2021-01-21
Iñaki,"Duele saber que Gabilondo ha lanzado la toalla, que no voy a escuchar más (o a cuentagotas) a alguien que simboliza la lucidez, la autoridad moral, la explicación entendible de los asuntos más complejo  y el estado de las cosas",2021-01-16
Tributo a la inteligencia y al humor,"En la serie ‘Supongamos que Nueva York es una ciudad’, Scorsese se parte de risa, y a los espectadores nos ocurre lo mismo, escuchando las ácidas opiniones de Fran Lebowitz",2021-01-15
Heroína,"‘Small Axe: El Mangrove’ está contada de forma mediocre, es cine de mensaje en el que está ausente la complejidad",2021-01-14
El zar,¿Vale cualquier medio expeditivo para lograr  la redención? Yo no lo sé,2021-01-09
Cumpliendo,"Vladimir Putin, antiguo agente  del KGB y zar a perpetuidad de Rusia, desprende terror. Compruébenlo observando su tenebrosa biografía en ‘Putin: de espía a presidente’",2021-01-07
El transgresor,"Al parecer, no he sido el único en esta desolada época que renunció al esfuerzo mental que puede exigir la lectura",2021-01-02
Buen entretenimiento y una actriz memorable,Tal vez habría que cambiar la rutinaria felicitación de Año Nuevo por el pragmático sálvese quien pueda,2020-12-31
¿Violador?,Ricky Gervais en ‘Humanity’ no pierde nunca la provocadora sonrisa  mientras suelta dinamita,2020-12-19
Emérito,"Dirige Daniel Calparsoro, un profesional en el sentido más digno del término, alguien en posesión de fuerza visual y en el que percibes su implicación y su disfrute con lo que describe",2020-12-18
Lennon,Después de ver el turbador documental ‘El imputado de la habitación 2806′ puedo dudar del testimonio de la presunta víctima y también del que plantea su agresor,2020-12-17
Remontaje,"Solo los niños, los locos y los borrachos pueden permitirse el lujo de que no haya filtro entre su pensamiento y su boca.  Ayuso, al parecer tampoco lo precisa",2020-12-12
Como el mejor cine de otras épocas,Las  etiquetas de revolucionario puro para Lennon y de blandengue y  convencional para McCartney me parecían tan injustas como tontas. Ambos eran geniales,2020-12-10
Orgía,Me agota el enfermizo afán de tantos directores por ofrecer nuevas versiones de películas que desde que fueron  estrenadas permanecen llenas de hermosura en la memoria de los espectadores,2020-12-05
Se largó,"No hay ningún desfallecimiento en esta historia tan arriesgada de contar, y el tono visual que ha creado David Fincher en ‘Mank’ recuerda al de su objeto de estudio, ‘Ciudadano Kane’ ",2020-12-04
Retrato de una desdicha colectiva,¿Se puede desear el ridículo de gente poderosa que parece detestable y que casi siempre sale impune de sus tropelías?,2020-12-03
Coca,"Uno de los días de mi vida en los que sentí la plenitud, el esplendor en la hierba, fue cuando vi a Maradona fabricar en el Bernabéu un gol inverosímil, belleza en grado puro",2020-11-28
Gambito,La cámara de Hernán Zin en el documental ‘2020′ muestra algunas de las horrendas cosas que acontecieron en la Comunidad de Madrid durante la primera ola de la peste,2020-11-27
Inmune a la poética de la sirena urbana,Asisto de vez en cuando en la televisión al histérico griterío sobre el estado de las cosas de los opinadores que parecen saber de todo. Y tiemblo cuando los presentadores del esperpéntico teatro me previenen sobre las durísimas imágenes que nos van a ofrecer,2020-11-26
La Corona,"Existe algo hipnótico en la evolución de esta protagonista, precozmente enganchada al pastilleo y al bebercio, en su supervivencia mental gracias a un juego",2020-11-21
Lujo,"La historia debe de ser tan metafórica como lírica, pero me deja en plan témpano",2020-11-20
Matarile,"‘The Crown’ continúa siendo uno de los máximos lujos de Netflix, una de las pocas y gloriosas excepciones en las series de la casa a la mediocridad, lo previsible, lo vacuo, la fabricación calculada de productos olvidables",2020-11-19
Not provided,"No poseo coche, ni chalé, ni tecnología moderna y mi  herencia es ínfima. Mis placeres han sido otros. ¿Habré sido un  explotador de la clase dirigente?",2020-11-14
Not provided,"Solo provoca  repulsión y pasmo, sensación de hallarte ante el cutrerío y macarreo  extremos, cuando escuchas las conversaciones del monarca de las  cloacas Villarejo",2020-11-12
Terror,Stephen King está empeñado  desde que empezó a escribir en que los monstruos existen en su  inescrutable país,2020-11-05
"Gracias por todo, señor Connery ","Su pinta, su personalidad, su expresión, su voz, sus andares, su gestualidad, la mitología que arrastraba después de tantas interpretaciones inolvidables.... Qué grande era el escocés",2020-10-31
El mejor ,"Sentí en algún momento la humedad en los  párpados viendo en Movistar el documental ‘Michael Robinson. Good, better, best’",2020-10-31
Sonreír en tiempos sombríos ,"Cesc Gay posee una capacidad notable para retratar con verismo y complejidad la amistad, territorio que se supone puro pero en el que también pueden convivir las luces y las sombras",2020-10-30
Griterío,"Sospechas  que mogollón de gente está tocada en su espíritu durante esta peste que  parece inacabable. O ante la ruina que les espera no ya ahora, sino  cuando el bicho se largue",2020-10-29
Subidón,"‘Patria’ y ‘Antidisturbios’ son angustiosas, complejas, duras, emocionantes, llenas de matices: todo funciona en ellas",2020-10-24
Circo,Los payasos circenses no me han divertido  ni cuando era un niño. Pero los que practican  esa actividad en el circo de la política les salen atrozmente caros al  contribuyente,2020-10-17
"Montgomery Clift, esa mirada, ese estilo","La cara, la presencia y la expresividad inquietante de este hombre guapo y atormentado deslumbraron a la cámara desde el principio",2020-10-16
¿Héroes?,"A Nadal le debe resultar muy cansino que todo  dios le califique de héroe. Yo creo que este deportista portentoso, ante  todo, se comporta como una buena persona",2020-10-15
Él,"Hay  gente que se encomienda diariamente a sus dioses, sus vírgenes, sus  mártires y santos favoritos. Yo pido la gracia desde hace infinitos años a las canciones de un tipo que se llamaba Georges  Brassens",2020-10-10
¿Así son las comedias de moda?,"Pienso en la mortífera crisis de las salas de cine, mientras que me aburro moderadamente con el denso e inane metraje de esta película",2020-10-09
Averiados,"Existe algo obsceno en preguntarle a gente desolada cómo se sienten. Su voz y su expresión son transparentes, habría que inventar otra pregunta menos tópica, más compasiva",2020-10-08
Una película demencial se lleva casi todo el pastel,"La Concha de Oro a la georgiana ‘Beginning’, añadidos los premios a la mejor dirección, guion y actriz, me descoloca hasta extremos hilarantes",2020-09-26
Viggo Mortensen también es un director atractivo,"Todo es veraz, tenso, duro y apasionante en los dos primeros capítulos de la serie ‘Antidisturbios’",2020-09-26
Nada de nada,La seva molt merescuda fama no li ha impedit a aquest senyor interpretar projectes molt petits de producció en què creia,2020-09-25
Dillon homenajea tibiamente a El gran Fellove,Su muy merecido estrellato no le ha impedido a este señor interpretar proyectos muy pequeños de producción en los que creía,2020-09-25
Una jornada gloriosa y alcohólica,El entusiasmo de los primeros días se ha esfumado. Normal. Lo de siempre,2020-09-24
Brujas pasables y amores olvidables,El personaje y su arte me dejan indiferente. La culpa será de Matt Dillon. O de que yo no me entero de nada,2020-09-22
Un Allen leve y la muy creíble ‘Patria’,‘Crock of Gold: A Few Rounds With Shane Macgowan’  retrata la volcánica existencia y la increíble supervivencia de Shane MacGowan ,2020-09-21
Risas,"El aspecto visual de ‘Akelarre’ es rebuscado y lúgubre, pero la intriga tarda en funcionar. ‘Verano del 85’, de Ozon, me deja indiferente o bostezando en algún momento",2020-09-19
"'Patria', una apuesta fuerte, trascendente y ganada","“No me ocurre nada malo viendo y escuchando ‘El festival de Rifkin’, pero la decepción es inevitable”,  opina el crítico de cine de EL PAÍS, sobre la carta de amor a San Sebastián de Woody Allen, que abrió este viernes el festival donostiarra",2020-09-18
Machismo,Ya era hora de que el Premio Nacional de Televisión coronara a un creador de humor,2020-09-17
Hablando de malditos: Welles y Hopper,"No hay nada que deje de interesarme en esta serie, la que más me ha gustado de todas las que se han realizado en este país",2020-09-12
Aplaudidor   ,"Me niego a aceptar que la mitad de mis amigos, de los tíos que conozco, o yo mismo, hayamos tratado de esa forma execrable al otro sexo, a nuestras parejas, ligues, conocidas o desconocidas",2020-09-12
Libres,Son dos señores que alborotaron en distintas épocas la forma de hacer películas. Es cruel comparar la poderosa ‘Ciudadano Kane’ y la desquiciada ‘Easy Rider’,2020-09-11
Not provided,No necesito estar de acuerdo con las ideas de alguien para constatar su brillante personalidad,2020-09-10
Not provided,Veo con escalofríos series  documentales en Movistar y en Netflix sobre las hazañas de aquellos  empeñados en salvar al mundo y que estuvieron a punto de destruirlo,2020-09-05
"Esas niñas tan auténticas, confundidas y frágiles","La directora Pilar Palomero opta en su debut por la sutileza, por buscar la credibilidad con una protagonista hija de madre soltera, una cría tan expectante como secreta",2020-09-04
Hedor,"¿Qué consumen la tercera, cuarta o  quinta edad desde que abren los ojos? Encienden las televisiones en abierto,  preferentemente Telecinco, que al parecer coloca mogollón",2020-09-03
Cadáveres,Leo la escalofriante noticia de que en los meses del espanto hubo 59 cadáveres en Madrid que no fueron reclamados por nadie. Deduces que ya antes se sentían muertos en vida,2020-07-25
Pijoaparte,"La prosa de Marsé prosa era tan evocadora como lírica, siempre hablaba de derrotas, de sueños inalcanzables, de lo imaginado y lo sufrido",2020-07-23
Dinero,"Casi todo dios está asustado, conviviendo con la pegajosa incertidumbre, temiendo no ya al hoy sino al sombrío mañana, angustiado por el futuro de los suyos",2020-07-11
Catarsis en la Antártida,"La única película de Linklater que me ha cautivado es 'Boyhood', un experimento tan audaz como apasionante",2020-07-10
Reyes,"En 'The Crown' descubres que los reyes pueden ser complejos,  que llevan encima una carga muy pesada, que puedes entenderlos, incluso  sentir simpatía a veces por sus dichas y tormentos",2020-07-09
Rojerío,La rabiosa aclaración (o el deseo) de Jorge Javier Vázquez sobre la identidad del público que milita en 'Sálvame' hubiera sido bendecida por los firmantes del manifiesto surrealista,2020-07-04
Wayne,"“Creo en el supremacismo blanco"". Opinión tan indefendible no le quita ni un ápice de grandeza al Wayne actor, cuyo arte imagino que fue la razón por la que le construyeron estatuas",2020-07-02
Desprecio,"A alguien al que pillan en las calles portando bombas o  metralletas le pueden acusar lógicamente de terrorismo. No comprendo que  no lo hagan con los fiesteros, sus alborotadas hormonas y sus ganas de  placer",2020-06-27
"¿‘Cinema Paradiso’, un clásico?",Una distribuidora ha hecho una apuesta muy fuerte al reestrenar en 150 pantallas la película de Giuseppe Tornatore,2020-06-26
¿Normalidad? ,"Ver el fútbol en la televisión con esos estadios vacíos me provoca una notable indiferencia y un ligero sopor. Sería más llevadero si los comentara Michael Robinson, oírle era un lujo",2020-06-25
Y el templo reabrió sus puertas,"No soporto al encender la televisión que repita hasta el mareo y a todas horas el término nueva normalidad. Que los lingüistas me descifren el significado de ese mantra, porque a mí todo me parece anormal",2020-06-20
Spike Lee,Las sensaciones del crítico de cine de EL PAÍS al acudir a una sala de cine después de casi cuatro meses,2020-06-19
Aberración ,"‘Da 5 Bloods: Hermanos de sangre’ es una de las películas más bobas, pretenciosas y carentes de sentido del ridículo que he padecido en años",2020-06-18
"¡Música, maestros!","No quiero pensar en las atrocidades que les quedan por realizar en el campo de tantas artes a los rastreadores del mal, de la incorrección política, de la subversión",2020-06-13
Volcánico ,Guardo con infinito mimo en mis estanterías las bandas sonoras de muchas películas,2020-06-12
Depredador,"Los guiones de ‘Recursos inhumanos’ llevan la firma de Pierre Lemaitre, autor de novelas inquietantes, desiguales, de intrigas retorcidas, pero sobre todo de un libro que adoro: ‘Nos vemos allá arriba’",2020-06-11
"Clint Eastwood, tan grande como irregular","Viendo ‘Jeffrey Epstein. Asquerosamente rico’, quedan pocas dudas sobre la abyección que practicó durante décadas ese ilustre ciudadano de Wall Street",2020-06-06
Miles,El cineasta ha cumplido 90 años. En sus 38 películas hay obras maestras y su trabajo en la década de los noventa y en los primeros años de este siglo permaneció en estado de gracia,2020-06-05
Honra,"Uno de los atractivos de Netflix (y no son excesivos) lo encarnan sus excelentes documentales sobre gente que hizo música imperecedera, como ‘Miles Davis. Birth of the cool’",2020-06-04
¿Adiós a todo esto?,Me pregunto si la gente normal siente algún interés ante el repulsivo circo que están montando. Solo me atrae la política cuando Shakespeare me habla de ella,2020-05-30
Corleone,Un canto a las películas que hablan de cine en tiempos de una pandemia que pone en peligro la subsistencia del modelo de salas tal como lo conocíamos,2020-05-29
Bochorno,Te hiela la sangre el testimonio de los asesinos en el escalofriante documental ‘Corleone: Mafia y sangre’,2020-05-28
"A propósito de todo, admirado señor Allen","A este paso, me temo que puedo acabar viendo ‘Sálvame’ o ‘Supervivientes’. Así de mal está el cerebro",2020-05-23
Aplaudir,Devoro de un milagroso tirón su apasionante autobiografía,2020-05-22
Not provided,Renuncio a estar informado de la realidad a través de la televisión. No soy masoquista. Supone una tortura excesiva,2020-05-16
Navegando,"Llevo 69 días fascinado con la contemplación de las paredes, aunque recurro a veces a la oferta de las plataformas: ‘Unorthodox’, ‘Hollywood’, ‘El último baile’...",2020-05-14
Y el viento también se llevó Cannes,"Repaso las filmografías de los hijos favoritos del festival, pero pocas de esas películas figuran entre mis eternos amores",2020-05-12
Voces,A veces el exceso de soledad me obliga al acto mecánico de encender la televisión,2020-05-09
Gervais,"En ‘After Life’, tanto surrealismo, ternura, humor salvaje y lirismo, me lo regala paradójicamente un personaje que quiere suicidarse",2020-05-07
Espacios abiertos para jinetes en la tormenta,"El cineasta, que murió hace 40 años, hubiera sido el retratista perfecto de esta barbaridad que estamos sufriendo todos",2020-04-29
"Marinero, aquel juglar del cine y de la vida","Llevo dos días viendo westerns, ese género del Oeste que muchos espectadores consideran indispensable para quedarse fritos en el sofá después de comer",2020-03-27
Pixar ya no es lo que fue,Me ha llegado un libro titulado ‘Llamará el Acordeonista’. Es una recopilación de las presuntas críticas que escribió un amigo mío llamado Manolo Marinero,2020-03-20
Peste,"Veo y escucho ‘Onward’ sin disgusto, pero no hay nada que me apasione en ella. Y es triste que ocurra esto en una productora que durante tantos años logró incrustar a perpetuidad en la memoria colectiva historias, situaciones, personajes, diálogos, sensaciones",2020-03-06
En esa ardiente oscuridad,"Esperemos que el personal no enloquezca demasiado ante las posibilidades de contagio, que no miremos a los vecinos con el mosqueo de que el monstruo se puede haber instalado en ellos",2020-02-29
Évole,"Olivier Nakache y Éric Toledano, directores de 'Intocable', narran muy bien en 'Especiales' el drama del autismo más severo y menos pacífico",2020-02-28
Algo le pasa a los Oscar,"Este tío, en posesión de tanta calle como instinto periodístico, ha estrenado un programa titulado osadamente 'Lo de Évole'. Y me interesa. Lo que no tengo claro, hasta el momento, es que me apasione",2020-02-27
Morbo,"Gracias a un cambio en la Academia, Bong Joon-ho ha conseguido lo que lamentablemente no lograron Hitchcock, Welles, Lang, Renoir, Hawks",2020-02-19
¡Qué hartazgo de cierto cine distinto!,"Los informativos de televisión y los programas matinales ofrecen un cóctel de política, tormentos del hígado y un abusivo amor hacia los jugosos sucesos",2020-02-21
Garea,Me aburro bastante viendo este presuntuoso ejercicio de estilo de Alejandro Landes,2020-02-20
Morirse,"Nunca fue de incendiario, de kamikaze, de sensacionalista. Era tan inteligente como sensato ejerciendo su profesión, y también un profesional, ese concepto tan poco extendido",2020-02-19
Kirk Douglas,"No sé si la compasión figura entre los deberes de los católicos practicantes, pero deberían permitir que la ejercieran los que odian la intolerable prolongación del dolor",2020-02-14
Autoría,"Irradiaba tensión, peligro, una naturaleza volcánica y temible, era la energía, la determinación, el riesgo, la esgrima, la furia, la resistencia, la complejidad",2020-02-12
Renée Zellweger... y poco más,"En medio del excesivo aburrimiento que me invadió durante la última edición de los Goya, se me despeja la modorra cuando escucho la generosa petición de Almodóvar a Pedro Sánchez",2020-02-01
Abogados,"Hay algo que no se le puede reprochar a 'Judy', este 'biopic' dedicado a Judy Garland. Y es que no hay vocación por embellecer nada",2020-01-30
Celebración artística o mitin electoral,"En 'The Good Fight' la factura es muy correcta, se nota que Ridley Scott es el productor ejecutivo. Pero no siento ni frío ni calor",2020-01-30
Máscaras,Creo que la Academia respiró tranquila al poder conceder la parte del león a su deseado Pedro Almodóvar,2020-01-26
Solo en el cine David vence a Goliat,"Me sorprende ver a un político que desprende imagen de templanza y capacidad dialogante cuando se le transforma el careto, su gesto tranquilo se torna en retador. Estoy hablando de José Luis Ábalos",2020-01-24
Nick Cave,"Tengo la fatigosa sensación de que ya he visto esta película otras veces. No tengo nada contra ella, pero le falta fuerza expresiva y puedes prever todo lo que va a ocurrir",2020-01-23
¡Marchando!,Existió una época muy lejana en la que músicos que tenían algo que contar y un lenguaje virtuoso para expresarlo poseían un hueco en la televisión,2020-01-23
Actores,"Con las plataformas digitales tengo la sensación de que me encuentro en un supermercado. Hay de todo, pero necesitas esforzarte para encontrar calidad",2020-01-18
¿Todavía no han visto ‘El buscavidas’?,"Las actuaciones de Pablo Iglesias llevaban el sello del Método, la intensidad. Pero el cargo de vicepresidente le aconseja adoptar la sobriedad contundente de los actores clásicos",2020-01-16
Not provided,Sé que me acompaña idéntico catálogo de emociones cada vez que visito esta deslumbrante y también dolorosa joya que parió el atormentado Robert Rossen,2020-01-15
El virtuosismo filmando la angustia y el miedo,"Sam Mendes, para transmitir esta historia de miedo, de barro y mugre, ha inventado un impresionante lenguaje con su cámara",2020-01-12
El virtuosismo filmando la angustia y el miedo,"Sam Mendes, para transmitir esta historia de miedo, de barro y mugre, ha inventado un impresionante lenguaje con su cámara",2020-01-10
Publicidad,"Me sulfura tanto la publicidad que estoy convencido de que sus mensajes no me afectan, de que jamás compro lo que promocionan incesantemente",2020-01-11
El Parlamento,La imagen más memorable y épica que tengo del Parlamento es la de Adolfo Suárez y Gutiérrez Mellado,2020-01-08
"Un Polanski reflexivo, no emocional","Historia de una estratégica barbarie, una conveniente mentira, un montaje siniestro cometido por el ejército francés contra un hombre inocente: Alfred Dreyfus",2020-01-02
